,Unnamed: 0,copy,fasta,binEdges,RgHist,RgStart,RgEnd,RMSF,negative
0,0,0,MGTESGDPEEEELEEEEELVDPLETTVREQCEQLDEKCVKARERLEELCDERVSSRQSHTEEDCTEEKLFDFLHARDHMCVAHKLFNNLLK,[10. 11. 12. ... 18. 19. 20.],14.0,17.529203035388036,13.891811915474332,7.009653688564832,0.24175824175824176
1,1,1,MGTESGDPEEEELEEEEELVDPLETTVREQCEQLDEKCVKARERLEELCDERVSSRQSHTEEDCTEEKLFDFLHARDHMCVAHKLFNNLLK,[10. 11. 12. ... 18. 19. 20.],10.0,168.2834684023531,174.26305746606704,10.16360794860103,0.24175824175824176
2,2,2,MGTESGDPEEEELEEEEELVDPLETTVREQCEQLDEKCVKARERLEELCDERVSSRQSHTEEDCTEEKLFDFLHARDHMCVAHKLFNNLLK,[10. 11. 12. ... 18. 19. 20.],16.0,17.463610102147232,16.410462439890022,5.803265804866396,0.24175824175824176
3,3,3,MGTESGDPEEEELEEEEELVDPLETTVREQCEQLDEKCVKARERLEELCDERVSSRQSHTEEDCTEEKLFDFLHARDHMCVAHKLFNNLLK,[10. 11. 12. ... 18. 19. 20.],10.0,169.2398486707252,178.06639633690136,7.566727204705911,0.24175824175824176
4,4,4,MGTESGDPEEEELEEEEELVDPLETTVREQCEQLDEKCVKARERLEELCDERVSSRQSHTEEDCTEEKLFDFLHARDHMCVAHKLFNNLLK,[10. 11. 12. ... 18. 19. 20.],10.0,161.36705969261052,151.5542048671526,8.952524109206227,0.24175824175824176
5,5,5,MGTESGDPEEEELEEEEELVDPLETTVREQCEQLDEKCVKARERLEELCDERVSSRQSHTEEDCTEEKLFDFLHARDHMCVAHKLFNNLLK,[10. 11. 12. ... 18. 19. 20.],14.0,17.41385692285078,13.484958748354108,5.4354118748879925,0.24175824175824176
6,6,6,MGTESGDPEEEELEEEEELVDPLETTVREQCEQLDEKCVKARERLEELCDERVSSRQSHTEEDCTEEKLFDFLHARDHMCVAHKLFNNLLK,[10. 11. 12. ... 18. 19. 20.],15.0,17.464331623534527,15.360718013229524,3.4898465646555445,0.24175824175824176
7,7,7,MGTESGDPEEEELEEEEELVDPLETTVREQCEQLDEKCVKARERLEELCDERVSSRQSHTEEDCTEEKLFDFLHARDHMCVAHKLFNNLLK,[10. 11. 12. ... 18. 19. 20.],10.0,168.84615748544488,176.6954699780703,7.11532276337161,0.24175824175824176
8,8,8,MGTESGDPEEEELEEEEELVDPLETTVREQCEQLDEKCVKARERLEELCDERVSSRQSHTEEDCTEEKLFDFLHARDHMCVAHKLFNNLLK,[10. 11. 12. ... 18. 19. 20.],14.0,17.436163220131938,14.193748528119814,6.916276505198016,0.24175824175824176
9,9,9,MGTESGDPEEEELEEEEELVDPLETTVREQCEQLDEKCVKARERLEELCDERVSSRQSHTEEDCTEEKLFDFLHARDHMCVAHKLFNNLLK,[10. 11. 12. ... 18. 19. 20.],10.0,113.3669637348337,120.9956889247226,9.671438672463696,0.24175824175824176
10,10,10,MGTESGDPEEEELEEEEELVDPLETTVREQCEQLDEKCVKARERLEELCDERVSSRQSHTEEDCTEEKLFDFLHARDHMCVAHKLFNNLLK,[10. 11. 12. ... 18. 19. 20.],10.0,115.33299281245449,108.99411973316313,10.948329165430923,0.24175824175824176
11,11,11,MGTESGDPEEEELEEEEELVDPLETTVREQCEQLDEKCVKARERLEELCDERVSSRQSHTEEDCTEEKLFDFLHARDHMCVAHKLFNNLLK,[10. 11. 12. ... 18. 19. 20.],10.0,72.41982785093424,74.12997374390706,10.720866177200211,0.24175824175824176
12,12,12,MGTESGDPEEEELEEEEELVDPLETTVREQCEQLDEKCVKARERLEELCDERVSSRQSHTEEDCTEEKLFDFLHARDHMCVAHKLFNNLLK,[10. 11. 12. ... 18. 19. 20.],15.0,17.534325135676468,14.813795349276493,3.3569468244891367,0.24175824175824176
13,13,13,MGTESGDPEEEELEEEEELVDPLETTVREQCEQLDEKCVKARERLEELCDERVSSRQSHTEEDCTEEKLFDFLHARDHMCVAHKLFNNLLK,[10. 11. 12. ... 18. 19. 20.],10.0,127.6946101979083,139.61732234862694,9.82476434587873,0.24175824175824176
14,14,14,MGTESGDPEEEELEEEEELVDPLETTVREQCEQLDEKCVKARERLEELCDERVSSRQSHTEEDCTEEKLFDFLHARDHMCVAHKLFNNLLK,[10. 11. 12. ... 18. 19. 20.],16.0,17.51358033390605,16.36353885600126,6.267609650916757,0.24175824175824176
15,15,15,MGTESGDPEEEELEEEEELVDPLETTVREQCEQLDEKCVKARERLEELCDERVSSRQSHTEEDCTEEKLFDFLHARDHMCVAHKLFNNLLK,[10. 11. 12. ... 18. 19. 20.],16.0,17.490438113877367,16.333668082506634,4.069892203719482,0.24175824175824176
16,16,16,MGTESGDPEEEELEEEEELVDPLETTVREQCEQLDEKCVKARERLEELCDERVSSRQSHTEEDCTEEKLFDFLHARDHMCVAHKLFNNLLK,[10. 11. 12. ... 18. 19. 20.],10.0,166.19186440801369,154.694028767964,9.887378499576467,0.24175824175824176
17,17,17,MGTESGDPEEEELEEEEELVDPLETTVREQCEQLDEKCVKARERLEELCDERVSSRQSHTEEDCTEEKLFDFLHARDHMCVAHKLFNNLLK,[10. 11. 12. ... 18. 19. 20.],10.0,198.90774022784652,192.44123905778537,11.435594326111556,0.24175824175824176
18,18,18,MGTESGDPEEEELEEEEELVDPLETTVREQCEQLDEKCVKARERLEELCDERVSSRQSHTEEDCTEEKLFDFLHARDHMCVAHKLFNNLLK,[10. 11. 12. ... 18. 19. 20.],18.0,17.685009711016658,17.950405485312224,4.433927665278539,0.24175824175824176
19,19,19,MGTESGDPEEEELEEEEELVDPLETTVREQCEQLDEKCVKARERLEELCDERVSSRQSHTEEDCTEEKLFDFLHARDHMCVAHKLFNNLLK,[10. 11. 12. ... 18. 19. 20.],16.0,17.506260722475602,16.259707195468724,4.971471233402086,0.24175824175824176
20,20,20,MGTESGDPEEEELEEEEELVDPLETTVREQCEQLDEKCVKARERLEELCDERVSSRQSHTEEDCTEEKLFDFLHARDHMCVAHKLFNNLLK,[10. 11. 12. ... 18. 19. 20.],10.0,96.20116626274022,100.43203035172354,10.599092712539038,0.24175824175824176
21,21,21,MGTESGDPEEEELEEEEELVDPLETTVREQCEQLDEKCVKARERLEELCDERVSSRQSHTEEDCTEEKLFDFLHARDHMCVAHKLFNNLLK,[10. 11. 12. ... 18. 19. 20.],15.0,17.47385174046186,15.919946439003745,4.955144619899368,0.24175824175824176
22,22,22,MGTESGDPEEEELEEEEELVDPLETTVREQCEQLDEKCVKARERLEELCDERVSSRQSHTEEDCTEEKLFDFLHARDHMCVAHKLFNNLLK,[10. 11. 12. ... 18. 19. 20.],10.0,176.8050848780126,164.8222851008957,7.920190250801685,0.24175824175824176
23,23,23,MGTESGDPEEEELEEEEELVDPLETTVREQCEQLDEKCVKARERLEELCDERVSSRQSHTEEDCTEEKLFDFLHARDHMCVAHKLFNNLLK,[10. 11. 12. ... 18. 19. 20.],16.0,17.524238615287757,17.493969092391964,4.647261753381115,0.24175824175824176
24,24,24,MGTESGDPEEEELEEEEELVDPLETTVREQCEQLDEKCVKARERLEELCDERVSSRQSHTEEDCTEEKLFDFLHARDHMCVAHKLFNNLLK,[10. 11. 12. ... 18. 19. 20.],10.0,44.217492307106816,45.50380916095863,7.96499058673322,0.24175824175824176
25,25,25,MGTESGDPEEEELEEEEELVDPLETTVREQCEQLDEKCVKARERLEELCDERVSSRQSHTEEDCTEEKLFDFLHARDHMCVAHKLFNNLLK,[10. 11. 12. ... 18. 19. 20.],10.0,135.54184723498415,126.87196589571468,9.094291306766054,0.24175824175824176
26,26,26,MGTESGDPEEEELEEEEELVDPLETTVREQCEQLDEKCVKARERLEELCDERVSSRQSHTEEDCTEEKLFDFLHARDHMCVAHKLFNNLLK,[10. 11. 12. ... 18. 19. 20.],16.0,17.45544989951137,15.995429855559314,4.648410231044241,0.24175824175824176
27,27,27,MGTESGDPEEEELEEEEELVDPLETTVREQCEQLDEKCVKARERLEELCDERVSSRQSHTEEDCTEEKLFDFLHARDHMCVAHKLFNNLLK,[10. 11. 12. ... 18. 19. 20.],14.0,17.545115658931884,14.20043583034043,5.3608128026553725,0.24175824175824176
28,28,28,MGTESGDPEEEELEEEEELVDPLETTVREQCEQLDEKCVKARERLEELCDERVSSRQSHTEEDCTEEKLFDFLHARDHMCVAHKLFNNLLK,[10. 11. 12. ... 18. 19. 20.],10.0,165.3092850436563,159.56958574544174,10.672785153334084,0.24175824175824176
29,29,29,MGTESGDPEEEELEEEEELVDPLETTVREQCEQLDEKCVKARERLEELCDERVSSRQSHTEEDCTEEKLFDFLHARDHMCVAHKLFNNLLK,[10. 11. 12. ... 18. 19. 20.],15.0,17.618236138358046,14.919297911831812,4.362223004739904,0.24175824175824176
